{
  "03-PUT API" : {
    "transaction" : "03-PUT API",
    "sampleCount" : 41126,
    "errorCount" : 1,
    "errorPct" : 0.002431552,
    "meanResTime" : 1.3390312697563522,
    "medianResTime" : 1.0,
    "minResTime" : 0.0,
    "maxResTime" : 55.0,
    "pct1ResTime" : 2.0,
    "pct2ResTime" : 2.0,
    "pct3ResTime" : 4.0,
    "throughput" : 137.1204897207978,
    "receivedKBytesPerSec" : 97.77513349126119,
    "sentKBytesPerSec" : 33.34196458563946
  },
  "Total" : {
    "transaction" : "Total",
    "sampleCount" : 205601,
    "errorCount" : 3,
    "errorPct" : 0.0014591368,
    "meanResTime" : 1.3451247805214925,
    "medianResTime" : 1.0,
    "minResTime" : 0.0,
    "maxResTime" : 102.0,
    "pct1ResTime" : 2.0,
    "pct2ResTime" : 2.0,
    "pct3ResTime" : 4.0,
    "throughput" : 685.2407329640517,
    "receivedKBytesPerSec" : 473.137689759892,
    "sentKBytesPerSec" : 169.70422643434088
  },
  "05-DELETE API" : {
    "transaction" : "05-DELETE API",
    "sampleCount" : 40925,
    "errorCount" : 1,
    "errorPct" : 0.0024434943,
    "meanResTime" : 1.336591325595597,
    "medianResTime" : 1.0,
    "minResTime" : 0.0,
    "maxResTime" : 28.0,
    "pct1ResTime" : 2.0,
    "pct2ResTime" : 2.0,
    "pct3ResTime" : 4.0,
    "throughput" : 136.45669396356263,
    "receivedKBytesPerSec" : 97.70258520624384,
    "sentKBytesPerSec" : 33.98008467900584
  },
  "04-PATCH API" : {
    "transaction" : "04-PATCH API",
    "sampleCount" : 41012,
    "errorCount" : 1,
    "errorPct" : 0.0024383108,
    "meanResTime" : 1.3353652589486087,
    "medianResTime" : 1.0,
    "minResTime" : 0.0,
    "maxResTime" : 82.0,
    "pct1ResTime" : 2.0,
    "pct2ResTime" : 2.0,
    "pct3ResTime" : 4.0,
    "throughput" : 136.73446934209957,
    "receivedKBytesPerSec" : 97.7673858788787,
    "sentKBytesPerSec" : 33.78220433467305
  },
  "02-POST API" : {
    "transaction" : "02-POST API",
    "sampleCount" : 41219,
    "errorCount" : 0,
    "errorPct" : 0.0,
    "meanResTime" : 1.3437007205414968,
    "medianResTime" : 1.0,
    "minResTime" : 0.0,
    "maxResTime" : 102.0,
    "pct1ResTime" : 2.0,
    "pct2ResTime" : 2.0,
    "pct3ResTime" : 4.0,
    "throughput" : 137.41269814811727,
    "receivedKBytesPerSec" : 98.11296669507277,
    "sentKBytesPerSec" : 33.68221409685297
  },
  "01-GET API " : {
    "transaction" : "01-GET API ",
    "sampleCount" : 41319,
    "errorCount" : 0,
    "errorPct" : 0.0,
    "meanResTime" : 1.3707495341126377,
    "medianResTime" : 1.0,
    "minResTime" : 0.0,
    "maxResTime" : 35.0,
    "pct1ResTime" : 2.0,
    "pct2ResTime" : 2.0,
    "pct3ResTime" : 5.0,
    "throughput" : 137.719900540627,
    "receivedKBytesPerSec" : 81.9239531809334,
    "sentKBytesPerSec" : 34.96794349664358
  }
}