{
  "03-PUT API" : {
    "transaction" : "03-PUT API",
    "sampleCount" : 90519,
    "errorCount" : 0,
    "errorPct" : 0.0,
    "meanResTime" : 2.210607717716713,
    "medianResTime" : 1.0,
    "minResTime" : 0.0,
    "maxResTime" : 138.0,
    "pct1ResTime" : 4.0,
    "pct2ResTime" : 6.0,
    "pct3ResTime" : 24.0,
    "throughput" : 100.58974333329999,
    "receivedKBytesPerSec" : 71.72566222671448,
    "sentKBytesPerSec" : 24.459810634757517
  },
  "Total" : {
    "transaction" : "Total",
    "sampleCount" : 452573,
    "errorCount" : 0,
    "errorPct" : 0.0,
    "meanResTime" : 2.2112940895723745,
    "medianResTime" : 1.0,
    "minResTime" : 0.0,
    "maxResTime" : 186.0,
    "pct1ResTime" : 3.0,
    "pct2ResTime" : 5.0,
    "pct3ResTime" : 19.0,
    "throughput" : 502.88682704594703,
    "receivedKBytesPerSec" : 347.28375860290845,
    "sentKBytesPerSec" : 124.54319619319128
  },
  "05-DELETE API" : {
    "transaction" : "05-DELETE API",
    "sampleCount" : 90474,
    "errorCount" : 0,
    "errorPct" : 0.0,
    "meanResTime" : 2.185998187324533,
    "medianResTime" : 1.0,
    "minResTime" : 0.0,
    "maxResTime" : 142.0,
    "pct1ResTime" : 4.0,
    "pct2ResTime" : 6.0,
    "pct3ResTime" : 23.0,
    "throughput" : 100.54163619916744,
    "receivedKBytesPerSec" : 71.98594902775802,
    "sentKBytesPerSec" : 25.03722385819111
  },
  "04-PATCH API" : {
    "transaction" : "04-PATCH API",
    "sampleCount" : 90492,
    "errorCount" : 0,
    "errorPct" : 0.0,
    "meanResTime" : 2.2101732749856207,
    "medianResTime" : 1.0,
    "minResTime" : 0.0,
    "maxResTime" : 141.0,
    "pct1ResTime" : 4.0,
    "pct2ResTime" : 6.0,
    "pct3ResTime" : 24.0,
    "throughput" : 100.56152742571959,
    "receivedKBytesPerSec" : 71.901966658684,
    "sentKBytesPerSec" : 24.845768006549857
  },
  "02-POST API" : {
    "transaction" : "02-POST API",
    "sampleCount" : 90536,
    "errorCount" : 0,
    "errorPct" : 0.0,
    "meanResTime" : 2.2170738711672473,
    "medianResTime" : 1.0,
    "minResTime" : 0.0,
    "maxResTime" : 146.0,
    "pct1ResTime" : 4.0,
    "pct2ResTime" : 6.0,
    "pct3ResTime" : 23.0,
    "throughput" : 100.60729307308075,
    "receivedKBytesPerSec" : 71.83640066167442,
    "sentKBytesPerSec" : 24.660576720061787
  },
  "01-GET API " : {
    "transaction" : "01-GET API ",
    "sampleCount" : 90552,
    "errorCount" : 0,
    "errorPct" : 0.0,
    "meanResTime" : 2.232595635656841,
    "medianResTime" : 1.0,
    "minResTime" : 0.0,
    "maxResTime" : 186.0,
    "pct1ResTime" : 4.0,
    "pct2ResTime" : 6.0,
    "pct3ResTime" : 23.0,
    "throughput" : 100.61970591470794,
    "receivedKBytesPerSec" : 59.857326120237616,
    "sentKBytesPerSec" : 25.547972204906312
  }
}