{
  "03-PUT API" : {
    "transaction" : "03-PUT API",
    "sampleCount" : 33882,
    "errorCount" : 575,
    "errorPct" : 1.6970663,
    "meanResTime" : 1.490348857800599,
    "medianResTime" : 1.0,
    "minResTime" : 0.0,
    "maxResTime" : 1102.0,
    "pct1ResTime" : 2.0,
    "pct2ResTime" : 3.0,
    "pct3ResTime" : 7.0,
    "throughput" : 107.64562914012487,
    "receivedKBytesPerSec" : 79.01728005710791,
    "sentKBytesPerSec" : 25.7321046329685
  },
  "Total" : {
    "transaction" : "Total",
    "sampleCount" : 168449,
    "errorCount" : 3691,
    "errorPct" : 2.1911676,
    "meanResTime" : 6.851468396962858,
    "medianResTime" : 1.0,
    "minResTime" : 0.0,
    "maxResTime" : 2066.0,
    "pct1ResTime" : 2.0,
    "pct2ResTime" : 3.0,
    "pct3ResTime" : 7.0,
    "throughput" : 535.0236942739897,
    "receivedKBytesPerSec" : 382.19331004501436,
    "sentKBytesPerSec" : 129.9543602099373
  },
  "05-DELETE API" : {
    "transaction" : "05-DELETE API",
    "sampleCount" : 32864,
    "errorCount" : 484,
    "errorPct" : 1.4727361,
    "meanResTime" : 1.4296494644595963,
    "medianResTime" : 1.0,
    "minResTime" : 0.0,
    "maxResTime" : 61.0,
    "pct1ResTime" : 2.0,
    "pct2ResTime" : 3.0,
    "pct3ResTime" : 7.0,
    "throughput" : 104.41733892106743,
    "receivedKBytesPerSec" : 76.64691820075173,
    "sentKBytesPerSec" : 25.619418454932212
  },
  "04-PATCH API" : {
    "transaction" : "04-PATCH API",
    "sampleCount" : 33354,
    "errorCount" : 766,
    "errorPct" : 2.296576,
    "meanResTime" : 1.472746896923904,
    "medianResTime" : 1.0,
    "minResTime" : 0.0,
    "maxResTime" : 1467.0,
    "pct1ResTime" : 2.0,
    "pct2ResTime" : 3.0,
    "pct3ResTime" : 7.0,
    "throughput" : 105.96981731532964,
    "receivedKBytesPerSec" : 78.81941893367753,
    "sentKBytesPerSec" : 25.581491387013504
  },
  "02-POST API" : {
    "transaction" : "02-POST API",
    "sampleCount" : 34093,
    "errorCount" : 1443,
    "errorPct" : 4.2325406,
    "meanResTime" : 1.3756489601971091,
    "medianResTime" : 1.0,
    "minResTime" : 0.0,
    "maxResTime" : 66.0,
    "pct1ResTime" : 2.0,
    "pct2ResTime" : 3.0,
    "pct3ResTime" : 6.0,
    "throughput" : 108.31048603588005,
    "receivedKBytesPerSec" : 83.19906636987683,
    "sentKBytesPerSec" : 25.42507464752153
  },
  "01-GET API " : {
    "transaction" : "01-GET API ",
    "sampleCount" : 34256,
    "errorCount" : 423,
    "errorPct" : 1.2348201,
    "meanResTime" : 28.04241592713685,
    "medianResTime" : 2.0,
    "minResTime" : 1.0,
    "maxResTime" : 2066.0,
    "pct1ResTime" : 3.0,
    "pct2ResTime" : 7.0,
    "pct3ResTime" : 1272.9900000000016,
    "throughput" : 108.80481770047548,
    "receivedKBytesPerSec" : 64.60286050965732,
    "sentKBytesPerSec" : 27.626223244261354
  }
}