{
  "03-PUT API" : {
    "transaction" : "03-PUT API",
    "sampleCount" : 221673,
    "errorCount" : 479,
    "errorPct" : 0.21608405,
    "meanResTime" : 2.9518434811636856,
    "medianResTime" : 2.0,
    "minResTime" : 0.0,
    "maxResTime" : 29714.0,
    "pct1ResTime" : 8.0,
    "pct2ResTime" : 15.0,
    "pct3ResTime" : 48.0,
    "throughput" : 32.63453263041049,
    "receivedKBytesPerSec" : 23.416359517089578,
    "sentKBytesPerSec" : 7.918791866624145
  },
  "Total" : {
    "transaction" : "Total",
    "sampleCount" : 1108363,
    "errorCount" : 2457,
    "errorPct" : 0.22167827,
    "meanResTime" : 2.8619820401799436,
    "medianResTime" : 2.0,
    "minResTime" : 0.0,
    "maxResTime" : 29714.0,
    "pct1ResTime" : 8.0,
    "pct2ResTime" : 16.0,
    "pct3ResTime" : 47.0,
    "throughput" : 163.17071120455185,
    "receivedKBytesPerSec" : 113.43333772855004,
    "sentKBytesPerSec" : 40.32293484614236
  },
  "05-DELETE API" : {
    "transaction" : "05-DELETE API",
    "sampleCount" : 221629,
    "errorCount" : 502,
    "errorPct" : 0.22650465,
    "meanResTime" : 2.849604519264102,
    "medianResTime" : 2.0,
    "minResTime" : 0.0,
    "maxResTime" : 28402.0,
    "pct1ResTime" : 7.0,
    "pct2ResTime" : 15.0,
    "pct3ResTime" : 46.0,
    "throughput" : 32.62820389193528,
    "receivedKBytesPerSec" : 23.510878923033644,
    "sentKBytesPerSec" : 8.107333482951711
  },
  "04-PATCH API" : {
    "transaction" : "04-PATCH API",
    "sampleCount" : 221651,
    "errorCount" : 463,
    "errorPct" : 0.20888695,
    "meanResTime" : 2.8485953142552876,
    "medianResTime" : 2.0,
    "minResTime" : 0.0,
    "maxResTime" : 28456.0,
    "pct1ResTime" : 8.0,
    "pct2ResTime" : 16.0,
    "pct3ResTime" : 49.0,
    "throughput" : 32.6313706703821,
    "receivedKBytesPerSec" : 23.47502403221886,
    "sentKBytesPerSec" : 8.045729338254173
  },
  "02-POST API" : {
    "transaction" : "02-POST API",
    "sampleCount" : 221696,
    "errorCount" : 509,
    "errorPct" : 0.22959368,
    "meanResTime" : 2.9106704676674813,
    "medianResTime" : 2.0,
    "minResTime" : 0.0,
    "maxResTime" : 22277.0,
    "pct1ResTime" : 7.0,
    "pct2ResTime" : 15.0,
    "pct3ResTime" : 46.0,
    "throughput" : 32.63802918690386,
    "receivedKBytesPerSec" : 23.45621789827395,
    "sentKBytesPerSec" : 7.982207132857504
  },
  "01-GET API " : {
    "transaction" : "01-GET API ",
    "sampleCount" : 221714,
    "errorCount" : 504,
    "errorPct" : 0.22731988,
    "meanResTime" : 2.7492084397014542,
    "medianResTime" : 2.0,
    "minResTime" : 0.0,
    "maxResTime" : 1501.0,
    "pct1ResTime" : 8.0,
    "pct2ResTime" : 16.0,
    "pct3ResTime" : 46.0,
    "throughput" : 32.640313939655,
    "receivedKBytesPerSec" : 19.5760989016904,
    "sentKBytesPerSec" : 8.269301088876597
  }
}